"Tumor_Sample_Barcode","Variant_Classification","YTHDF2","RBM15","ELF3","LRPPRC","RBM15B","YTHDC1","METTL14","YTHDC2","G3BP1","WTAP","IGF2BP3","YTHDF3","ALKBH3","ZC3H13","METTL3","FTO","METTL16","ALKBH5","IGF2BP1","YTHDF1","RBMX","FMR1","HNRNPA2B1"
"WES_FFPE_10","5'Flank","Mutated","Mutated","WT","Mutated","WT","Mutated","WT","WT","Mutated","WT","Mutated","Mutated","Mutated","WT","Mutated","Mutated","Mutated","Mutated","Mutated","Mutated","Mutated","Mutated","WT"
"WES_FFPE_10","Intron","Mutated","WT","Mutated","Mutated","WT","Mutated","Mutated","Mutated","Mutated","Mutated","Mutated","Mutated","Mutated","Mutated","Mutated","Mutated","Mutated","Mutated","Mutated","Mutated","Mutated","Mutated","WT"
"WES_FFPE_10","Nonsense_Mutation","WT","Mutated","WT","WT","WT","WT","WT","WT","WT","WT","WT","WT","WT","WT","WT","WT","WT","WT","WT","WT","WT","WT","WT"
"WES_FFPE_10","3'Flank","WT","Mutated","Mutated","WT","Mutated","Mutated","WT","WT","WT","WT","WT","Mutated","Mutated","WT","WT","Mutated","Mutated","Mutated","Mutated","Mutated","Mutated","Mutated","WT"
"WES_FFPE_10","3'UTR","WT","WT","Mutated","WT","WT","Mutated","Mutated","WT","Mutated","WT","WT","Mutated","WT","WT","WT","Mutated","Mutated","Mutated","Mutated","Mutated","WT","WT","WT"
"WES_FFPE_10","Missense_Mutation","WT","WT","WT","Mutated","WT","WT","WT","WT","WT","WT","WT","WT","WT","Mutated","WT","WT","WT","WT","Mutated","WT","WT","WT","WT"
"WES_FFPE_11","5'Flank","Mutated","Mutated","Mutated","Mutated","WT","Mutated","Mutated","Mutated","Mutated","Mutated","Mutated","WT","WT","WT","Mutated","Mutated","Mutated","Mutated","WT","Mutated","Mutated","Mutated","WT"
"WES_FFPE_11","Intron","Mutated","WT","Mutated","Mutated","WT","Mutated","Mutated","Mutated","Mutated","Mutated","Mutated","Mutated","Mutated","Mutated","Mutated","Mutated","Mutated","Mutated","Mutated","Mutated","Mutated","Mutated","Mutated"
"WES_FFPE_11","3'Flank","Mutated","Mutated","Mutated","WT","WT","Mutated","Mutated","Mutated","Mutated","WT","WT","WT","Mutated","Mutated","WT","Mutated","Mutated","Mutated","Mutated","Mutated","Mutated","WT","WT"
"WES_FFPE_11","3'UTR","WT","Mutated","WT","Mutated","Mutated","WT","Mutated","WT","Mutated","WT","WT","Mutated","WT","WT","WT","Mutated","Mutated","Mutated","Mutated","WT","WT","Mutated","Mutated"
"WES_FFPE_11","Splice_Site","WT","WT","WT","Mutated","WT","WT","WT","WT","WT","WT","WT","WT","WT","WT","WT","WT","WT","WT","WT","WT","WT","WT","WT"
"WES_FFPE_11","Missense_Mutation","WT","WT","WT","WT","WT","WT","WT","Mutated","WT","WT","WT","WT","WT","Mutated","WT","Mutated","WT","WT","WT","WT","WT","WT","WT"
"WES_FFPE_11","Silent","WT","WT","WT","WT","WT","WT","WT","Mutated","Mutated","WT","WT","WT","WT","WT","WT","WT","WT","WT","Mutated","Mutated","WT","WT","WT"
"WES_FFPE_11","5'UTR","WT","WT","WT","WT","WT","WT","WT","WT","WT","WT","Mutated","WT","WT","WT","WT","WT","WT","WT","WT","WT","WT","WT","WT"
"WES_FFPE_12","5'Flank","Mutated","WT","WT","Mutated","WT","Mutated","Mutated","WT","WT","WT","WT","Mutated","Mutated","WT","Mutated","WT","WT","Mutated","WT","Mutated","Mutated","Mutated","WT"
"WES_FFPE_12","Intron","Mutated","WT","Mutated","Mutated","WT","Mutated","Mutated","Mutated","Mutated","Mutated","Mutated","Mutated","Mutated","Mutated","Mutated","Mutated","Mutated","Mutated","Mutated","Mutated","Mutated","Mutated","WT"
"WES_FFPE_12","3'Flank","Mutated","Mutated","WT","WT","Mutated","Mutated","WT","WT","WT","WT","WT","Mutated","Mutated","Mutated","WT","Mutated","Mutated","WT","WT","Mutated","Mutated","WT","WT"
"WES_FFPE_12","Missense_Mutation","WT","Mutated","WT","Mutated","WT","WT","WT","WT","WT","WT","WT","WT","WT","WT","WT","WT","WT","WT","WT","WT","WT","WT","WT"
"WES_FFPE_12","3'UTR","WT","WT","WT","WT","Mutated","WT","Mutated","WT","Mutated","WT","WT","WT","WT","WT","WT","Mutated","WT","Mutated","Mutated","WT","WT","WT","WT"
"WES_FFPE_12","Silent","WT","WT","WT","WT","WT","WT","Mutated","WT","WT","WT","WT","WT","WT","WT","WT","WT","WT","WT","WT","WT","WT","WT","WT"
"WES_FFPE_12","Frame_Shift_Del","WT","WT","WT","WT","WT","WT","Mutated","WT","WT","WT","WT","WT","WT","WT","WT","WT","WT","WT","WT","WT","WT","WT","WT"
"WES_FFPE_12","Splice_Region","WT","WT","WT","WT","WT","WT","Mutated","WT","WT","WT","WT","WT","WT","WT","WT","WT","WT","WT","WT","WT","WT","WT","WT"
"WES_FFPE_12","Nonsense_Mutation","WT","WT","WT","WT","WT","WT","WT","WT","WT","WT","WT","WT","WT","Mutated","WT","WT","WT","WT","WT","WT","WT","WT","WT"
"WES_FFPE_12","RNA","WT","WT","WT","WT","WT","WT","WT","WT","WT","WT","WT","WT","WT","WT","WT","WT","Mutated","WT","WT","WT","WT","WT","WT"
"WES_FFPE_13","5'Flank","Mutated","Mutated","WT","Mutated","WT","WT","Mutated","Mutated","WT","Mutated","Mutated","Mutated","Mutated","WT","Mutated","Mutated","Mutated","Mutated","WT","WT","Mutated","WT","WT"
"WES_FFPE_13","Intron","Mutated","Mutated","Mutated","Mutated","WT","Mutated","Mutated","Mutated","Mutated","Mutated","Mutated","Mutated","Mutated","Mutated","WT","Mutated","Mutated","Mutated","Mutated","Mutated","Mutated","Mutated","Mutated"
"WES_FFPE_13","3'Flank","Mutated","WT","Mutated","WT","Mutated","Mutated","Mutated","Mutated","Mutated","WT","WT","Mutated","Mutated","Mutated","WT","Mutated","Mutated","Mutated","Mutated","Mutated","Mutated","WT","WT"
"WES_FFPE_13","Silent","WT","WT","WT","Mutated","WT","Mutated","WT","WT","WT","WT","WT","WT","WT","WT","WT","WT","WT","WT","WT","WT","Mutated","WT","WT"
"WES_FFPE_13","3'UTR","WT","WT","WT","WT","Mutated","Mutated","Mutated","Mutated","WT","WT","WT","WT","WT","WT","WT","Mutated","WT","Mutated","WT","WT","WT","WT","WT"
"WES_FFPE_13","Missense_Mutation","WT","WT","WT","WT","WT","WT","WT","WT","WT","WT","WT","WT","WT","WT","WT","WT","WT","WT","WT","WT","Mutated","WT","WT"
"WES_FFPE_15","5'Flank","Mutated","Mutated","WT","Mutated","WT","WT","Mutated","WT","Mutated","WT","Mutated","Mutated","WT","WT","Mutated","WT","Mutated","Mutated","Mutated","Mutated","Mutated","WT","WT"
"WES_FFPE_15","Intron","Mutated","WT","Mutated","Mutated","WT","Mutated","Mutated","Mutated","Mutated","Mutated","Mutated","Mutated","Mutated","Mutated","Mutated","Mutated","Mutated","Mutated","Mutated","Mutated","Mutated","Mutated","WT"
"WES_FFPE_15","3'Flank","WT","Mutated","Mutated","WT","Mutated","Mutated","WT","Mutated","Mutated","WT","WT","WT","Mutated","WT","WT","Mutated","Mutated","Mutated","Mutated","Mutated","Mutated","WT","WT"
"WES_FFPE_15","3'UTR","WT","WT","WT","Mutated","Mutated","Mutated","WT","Mutated","Mutated","WT","WT","WT","Mutated","WT","WT","Mutated","Mutated","WT","Mutated","WT","WT","WT","Mutated"
"WES_FFPE_15","Silent","WT","WT","WT","WT","WT","WT","WT","Mutated","WT","WT","Mutated","WT","WT","Mutated","WT","WT","WT","WT","WT","WT","WT","WT","WT"
"WES_FFPE_15","Splice_Region","WT","WT","WT","WT","WT","WT","WT","WT","WT","WT","Mutated","WT","WT","WT","WT","WT","WT","WT","WT","WT","WT","Mutated","Mutated"
"WES_FFPE_16","5'Flank","Mutated","Mutated","Mutated","WT","WT","Mutated","WT","WT","Mutated","Mutated","WT","Mutated","WT","WT","Mutated","Mutated","WT","Mutated","Mutated","Mutated","Mutated","Mutated","WT"
"WES_FFPE_16","Intron","Mutated","WT","WT","Mutated","WT","Mutated","Mutated","Mutated","Mutated","Mutated","Mutated","Mutated","Mutated","Mutated","Mutated","Mutated","Mutated","Mutated","Mutated","Mutated","Mutated","Mutated","Mutated"
"WES_FFPE_16","3'Flank","WT","Mutated","Mutated","WT","Mutated","WT","Mutated","WT","Mutated","WT","WT","WT","Mutated","Mutated","WT","Mutated","Mutated","Mutated","WT","Mutated","Mutated","WT","WT"
"WES_FFPE_16","5'UTR","WT","WT","Mutated","WT","WT","WT","WT","WT","WT","WT","WT","WT","WT","WT","WT","WT","WT","WT","WT","WT","WT","WT","WT"
"WES_FFPE_16","3'UTR","WT","WT","WT","WT","Mutated","Mutated","WT","WT","Mutated","Mutated","WT","Mutated","WT","WT","WT","Mutated","Mutated","WT","Mutated","Mutated","WT","WT","WT"
"WES_FFPE_16","Missense_Mutation","WT","WT","WT","WT","WT","WT","WT","WT","WT","WT","WT","WT","WT","WT","WT","WT","WT","WT","WT","WT","Mutated","WT","WT"
"WES_FFPE_17","5'Flank","Mutated","Mutated","Mutated","Mutated","WT","Mutated","WT","WT","Mutated","Mutated","WT","Mutated","WT","WT","Mutated","Mutated","WT","WT","Mutated","Mutated","Mutated","WT","WT"
"WES_FFPE_17","Intron","Mutated","WT","Mutated","Mutated","WT","Mutated","Mutated","Mutated","Mutated","Mutated","Mutated","Mutated","Mutated","Mutated","WT","Mutated","Mutated","Mutated","Mutated","Mutated","Mutated","Mutated","WT"
"WES_FFPE_17","3'Flank","Mutated","Mutated","Mutated","WT","Mutated","Mutated","Mutated","Mutated","Mutated","WT","WT","WT","Mutated","WT","WT","Mutated","Mutated","Mutated","WT","WT","Mutated","WT","WT"
"WES_FFPE_17","3'UTR","WT","Mutated","WT","WT","Mutated","Mutated","WT","WT","WT","WT","WT","WT","Mutated","WT","WT","Mutated","Mutated","WT","WT","WT","WT","Mutated","WT"
"WES_FFPE_17","Missense_Mutation","WT","WT","WT","Mutated","WT","Mutated","WT","WT","Mutated","WT","WT","WT","WT","WT","WT","WT","WT","WT","WT","WT","WT","WT","WT"
"WES_FFPE_18","5'Flank","Mutated","Mutated","Mutated","Mutated","WT","Mutated","Mutated","Mutated","Mutated","WT","Mutated","Mutated","Mutated","WT","Mutated","Mutated","Mutated","Mutated","WT","Mutated","Mutated","Mutated","WT"
"WES_FFPE_18","Intron","Mutated","Mutated","WT","Mutated","WT","Mutated","Mutated","Mutated","Mutated","Mutated","Mutated","Mutated","Mutated","Mutated","Mutated","Mutated","Mutated","Mutated","Mutated","Mutated","Mutated","Mutated","Mutated"
"WES_FFPE_18","3'Flank","Mutated","Mutated","Mutated","WT","Mutated","Mutated","WT","Mutated","Mutated","WT","WT","Mutated","Mutated","Mutated","WT","Mutated","Mutated","Mutated","Mutated","Mutated","Mutated","WT","WT"
"WES_FFPE_18","Missense_Mutation","WT","Mutated","WT","WT","WT","WT","WT","WT","WT","WT","Mutated","WT","WT","WT","Mutated","WT","WT","WT","WT","WT","WT","WT","WT"
"WES_FFPE_18","3'UTR","WT","WT","WT","WT","Mutated","Mutated","WT","Mutated","Mutated","WT","WT","Mutated","WT","WT","WT","WT","Mutated","Mutated","Mutated","Mutated","WT","WT","WT"
"WES_FFPE_18","Nonsense_Mutation","WT","WT","WT","WT","WT","WT","WT","WT","WT","WT","Mutated","WT","WT","WT","WT","WT","WT","WT","WT","WT","WT","WT","WT"
"WES_FFPE_18","Frame_Shift_Del","WT","WT","WT","WT","WT","WT","WT","WT","WT","WT","Mutated","WT","WT","Mutated","WT","WT","WT","WT","WT","WT","WT","WT","WT"
"WES_FFPE_18","Splice_Region","WT","WT","WT","WT","WT","WT","WT","WT","WT","WT","WT","WT","WT","WT","WT","Mutated","WT","WT","WT","WT","WT","WT","WT"
"WES_FFPE_18","RNA","WT","WT","WT","WT","WT","WT","WT","WT","WT","WT","WT","WT","WT","WT","WT","WT","Mutated","WT","WT","WT","WT","WT","WT"
"WES_FFPE_18","Silent","WT","WT","WT","WT","WT","WT","WT","WT","WT","WT","WT","WT","WT","WT","WT","WT","WT","WT","Mutated","WT","WT","WT","WT"
"WES_FFPE_20","5'Flank","Mutated","Mutated","Mutated","Mutated","WT","Mutated","WT","WT","WT","WT","Mutated","Mutated","WT","WT","Mutated","Mutated","WT","Mutated","WT","Mutated","Mutated","Mutated","WT"
"WES_FFPE_20","Intron","Mutated","Mutated","Mutated","Mutated","WT","Mutated","Mutated","Mutated","Mutated","Mutated","Mutated","Mutated","Mutated","Mutated","Mutated","Mutated","Mutated","Mutated","Mutated","Mutated","Mutated","Mutated","Mutated"
"WES_FFPE_20","3'Flank","Mutated","WT","Mutated","WT","Mutated","WT","WT","WT","WT","WT","WT","WT","Mutated","Mutated","WT","Mutated","Mutated","Mutated","Mutated","Mutated","Mutated","WT","WT"
"WES_FFPE_20","3'UTR","WT","WT","Mutated","WT","Mutated","WT","WT","WT","WT","WT","WT","WT","WT","WT","WT","Mutated","WT","WT","Mutated","WT","WT","WT","WT"
"WES_FFPE_20","Missense_Mutation","WT","WT","WT","Mutated","WT","WT","WT","WT","WT","WT","WT","Mutated","WT","WT","WT","Mutated","WT","WT","WT","WT","WT","WT","WT"
"WES_FFPE_4","5'Flank","Mutated","Mutated","WT","Mutated","WT","Mutated","Mutated","Mutated","Mutated","Mutated","Mutated","WT","Mutated","WT","Mutated","Mutated","Mutated","Mutated","Mutated","Mutated","WT","WT","WT"
"WES_FFPE_4","Intron","Mutated","WT","WT","Mutated","WT","Mutated","Mutated","Mutated","Mutated","Mutated","Mutated","Mutated","Mutated","Mutated","Mutated","Mutated","Mutated","Mutated","Mutated","Mutated","Mutated","Mutated","WT"
"WES_FFPE_4","3'Flank","WT","Mutated","Mutated","WT","Mutated","Mutated","WT","Mutated","Mutated","Mutated","WT","Mutated","WT","Mutated","WT","Mutated","Mutated","Mutated","Mutated","Mutated","Mutated","Mutated","WT"
"WES_FFPE_4","3'UTR","WT","WT","WT","Mutated","Mutated","WT","Mutated","Mutated","Mutated","WT","WT","Mutated","WT","WT","WT","Mutated","Mutated","WT","Mutated","WT","WT","Mutated","WT"
"WES_FFPE_4","Silent","WT","WT","WT","WT","WT","WT","WT","Mutated","WT","WT","WT","WT","WT","WT","WT","WT","WT","WT","WT","Mutated","WT","WT","WT"
"WES_FFPE_8","Intron","Mutated","WT","WT","Mutated","WT","Mutated","Mutated","Mutated","Mutated","Mutated","Mutated","Mutated","Mutated","Mutated","WT","Mutated","Mutated","Mutated","Mutated","Mutated","WT","Mutated","Mutated"
"WES_FFPE_8","5'Flank","WT","Mutated","Mutated","Mutated","WT","Mutated","WT","WT","WT","WT","Mutated","Mutated","Mutated","WT","Mutated","WT","WT","Mutated","WT","WT","WT","WT","WT"
"WES_FFPE_8","3'UTR","WT","WT","WT","WT","Mutated","WT","WT","WT","WT","WT","WT","WT","WT","WT","WT","Mutated","Mutated","WT","WT","WT","WT","WT","WT"
"WES_FFPE_8","3'Flank","WT","WT","WT","WT","Mutated","Mutated","WT","Mutated","Mutated","WT","WT","Mutated","WT","Mutated","WT","Mutated","WT","WT","Mutated","WT","Mutated","Mutated","WT"
"WES_FFPE_8","Missense_Mutation","WT","WT","WT","WT","WT","WT","WT","WT","WT","WT","WT","Mutated","WT","Mutated","WT","WT","WT","WT","WT","WT","WT","WT","WT"
"WES_FFPE_8","RNA","WT","WT","WT","WT","WT","WT","WT","WT","WT","WT","WT","WT","WT","WT","WT","WT","Mutated","WT","WT","WT","WT","WT","WT"
"WES_FFPE_9","5'Flank","Mutated","Mutated","Mutated","Mutated","WT","Mutated","Mutated","Mutated","Mutated","WT","Mutated","Mutated","Mutated","WT","Mutated","Mutated","WT","WT","Mutated","WT","WT","Mutated","WT"
"WES_FFPE_9","Nonsense_Mutation","Mutated","WT","WT","Mutated","WT","WT","WT","WT","WT","WT","WT","WT","WT","WT","WT","WT","WT","WT","WT","WT","WT","WT","WT"
"WES_FFPE_9","Intron","Mutated","WT","Mutated","Mutated","WT","Mutated","Mutated","Mutated","Mutated","Mutated","Mutated","Mutated","Mutated","Mutated","Mutated","Mutated","Mutated","Mutated","Mutated","Mutated","Mutated","Mutated","Mutated"
"WES_FFPE_9","3'Flank","WT","Mutated","Mutated","WT","Mutated","WT","WT","Mutated","WT","WT","WT","Mutated","Mutated","WT","WT","Mutated","WT","Mutated","Mutated","Mutated","Mutated","WT","WT"
"WES_FFPE_9","Missense_Mutation","WT","WT","Mutated","Mutated","WT","Mutated","Mutated","Mutated","WT","WT","Mutated","WT","Mutated","Mutated","WT","WT","Mutated","WT","WT","WT","WT","WT","Mutated"
"WES_FFPE_9","3'UTR","WT","WT","Mutated","WT","Mutated","WT","Mutated","WT","Mutated","WT","WT","Mutated","WT","WT","WT","Mutated","Mutated","WT","Mutated","WT","WT","WT","WT"
"WES_FFPE_9","Silent","WT","WT","WT","WT","WT","Mutated","WT","Mutated","WT","WT","WT","WT","WT","WT","WT","WT","WT","WT","WT","WT","WT","Mutated","WT"
"WES_FFPE_9","Splice_Site","WT","WT","WT","WT","WT","WT","WT","WT","Mutated","WT","WT","WT","WT","WT","WT","WT","WT","WT","WT","WT","WT","WT","WT"
"WES_FFPE_9","5'UTR","WT","WT","WT","WT","WT","WT","WT","WT","WT","WT","Mutated","WT","WT","WT","WT","WT","WT","WT","WT","WT","Mutated","WT","WT"
"WES_FFPE_9","RNA","WT","WT","WT","WT","WT","WT","WT","WT","WT","WT","WT","WT","WT","WT","WT","WT","Mutated","WT","WT","WT","WT","WT","WT"
"WES_FFPE_R11","5'Flank","Mutated","WT","Mutated","WT","WT","Mutated","Mutated","WT","Mutated","WT","WT","Mutated","WT","WT","WT","Mutated","WT","Mutated","Mutated","Mutated","Mutated","WT","WT"
"WES_FFPE_R11","Intron","Mutated","WT","WT","Mutated","WT","Mutated","Mutated","Mutated","Mutated","Mutated","Mutated","Mutated","Mutated","Mutated","Mutated","Mutated","Mutated","Mutated","Mutated","Mutated","Mutated","Mutated","Mutated"
"WES_FFPE_R11","3'Flank","Mutated","WT","Mutated","WT","Mutated","Mutated","Mutated","Mutated","WT","WT","WT","WT","Mutated","WT","WT","Mutated","WT","Mutated","Mutated","Mutated","Mutated","Mutated","WT"
"WES_FFPE_R11","Missense_Mutation","WT","WT","WT","Mutated","WT","WT","WT","WT","WT","WT","WT","WT","WT","WT","WT","WT","WT","WT","WT","WT","WT","Mutated","WT"
"WES_FFPE_R11","3'UTR","WT","WT","WT","WT","WT","Mutated","WT","WT","WT","WT","WT","Mutated","WT","WT","WT","Mutated","Mutated","WT","Mutated","WT","WT","WT","WT"
"WES_FFPE_R11","Silent","WT","WT","WT","WT","WT","WT","WT","WT","WT","WT","WT","WT","WT","WT","WT","Mutated","WT","WT","WT","WT","WT","WT","WT"
"WES_FFPE_R11","Splice_Region","WT","WT","WT","WT","WT","WT","WT","WT","WT","WT","WT","WT","WT","WT","WT","WT","WT","WT","WT","WT","WT","Mutated","WT"
"WES_FFPE_R18","Intron","Mutated","Mutated","WT","Mutated","WT","Mutated","Mutated","Mutated","Mutated","Mutated","Mutated","Mutated","Mutated","Mutated","Mutated","Mutated","Mutated","Mutated","Mutated","Mutated","Mutated","Mutated","WT"
"WES_FFPE_R18","3'Flank","Mutated","Mutated","Mutated","WT","Mutated","WT","WT","WT","WT","WT","WT","Mutated","WT","Mutated","WT","Mutated","Mutated","Mutated","WT","Mutated","Mutated","Mutated","WT"
"WES_FFPE_R18","5'Flank","WT","Mutated","WT","WT","WT","Mutated","WT","WT","WT","Mutated","WT","Mutated","WT","WT","Mutated","WT","Mutated","Mutated","Mutated","WT","WT","Mutated","WT"
"WES_FFPE_R18","3'UTR","WT","WT","WT","WT","WT","WT","Mutated","WT","Mutated","WT","WT","Mutated","WT","WT","WT","Mutated","Mutated","WT","Mutated","WT","WT","WT","WT"
"WES_FFPE_R19","5'Flank","Mutated","Mutated","WT","Mutated","WT","Mutated","WT","Mutated","Mutated","WT","WT","Mutated","WT","WT","Mutated","WT","Mutated","Mutated","WT","WT","Mutated","WT","WT"
"WES_FFPE_R19","Intron","Mutated","WT","WT","Mutated","WT","Mutated","Mutated","Mutated","Mutated","Mutated","Mutated","Mutated","Mutated","Mutated","Mutated","Mutated","Mutated","Mutated","Mutated","Mutated","Mutated","Mutated","WT"
"WES_FFPE_R19","3'Flank","Mutated","WT","Mutated","WT","Mutated","WT","WT","Mutated","WT","WT","WT","Mutated","Mutated","WT","WT","Mutated","WT","WT","Mutated","WT","WT","WT","WT"
"WES_FFPE_R19","3'UTR","WT","WT","WT","WT","WT","Mutated","WT","Mutated","WT","WT","WT","WT","WT","WT","WT","WT","WT","WT","Mutated","WT","WT","WT","WT"
"WES_FFPE_R19","In_Frame_Del","WT","WT","WT","WT","WT","WT","Mutated","WT","WT","WT","WT","WT","WT","WT","WT","WT","WT","WT","WT","WT","WT","WT","WT"
"WES_FFPE_R2","5'Flank","Mutated","Mutated","WT","Mutated","WT","WT","WT","Mutated","Mutated","WT","WT","WT","WT","WT","WT","Mutated","WT","Mutated","WT","Mutated","Mutated","WT","WT"
"WES_FFPE_R2","Intron","Mutated","WT","WT","Mutated","WT","Mutated","Mutated","Mutated","WT","Mutated","Mutated","Mutated","WT","Mutated","Mutated","Mutated","Mutated","Mutated","Mutated","Mutated","Mutated","Mutated","WT"
"WES_FFPE_R2","3'Flank","Mutated","Mutated","WT","WT","Mutated","WT","WT","Mutated","WT","WT","WT","WT","Mutated","WT","WT","Mutated","WT","WT","Mutated","Mutated","WT","WT","WT"
"WES_FFPE_R2","3'UTR","WT","WT","Mutated","WT","WT","WT","Mutated","WT","Mutated","WT","WT","WT","WT","WT","WT","Mutated","WT","WT","WT","WT","WT","WT","WT"
"WES_FFPE_R2","5'UTR","WT","WT","WT","WT","WT","WT","WT","WT","WT","WT","WT","WT","WT","WT","WT","Mutated","WT","WT","WT","WT","WT","WT","WT"
"WES_FFPE_R20","5'Flank","Mutated","Mutated","WT","Mutated","WT","Mutated","Mutated","WT","WT","WT","Mutated","WT","Mutated","WT","Mutated","Mutated","Mutated","Mutated","WT","WT","WT","Mutated","WT"
"WES_FFPE_R20","Intron","Mutated","Mutated","WT","Mutated","WT","Mutated","Mutated","Mutated","Mutated","Mutated","Mutated","Mutated","Mutated","Mutated","Mutated","Mutated","Mutated","Mutated","Mutated","Mutated","Mutated","Mutated","WT"
"WES_FFPE_R20","3'Flank","Mutated","Mutated","Mutated","WT","WT","WT","WT","Mutated","Mutated","WT","WT","Mutated","Mutated","Mutated","WT","Mutated","WT","WT","Mutated","Mutated","Mutated","WT","WT"
"WES_FFPE_R20","3'UTR","WT","WT","WT","Mutated","WT","WT","WT","WT","WT","WT","WT","WT","WT","WT","WT","Mutated","Mutated","Mutated","Mutated","WT","WT","WT","WT"
"WES_FFPE_R9","5'Flank","Mutated","Mutated","Mutated","Mutated","WT","Mutated","WT","Mutated","Mutated","Mutated","Mutated","WT","Mutated","WT","Mutated","Mutated","WT","Mutated","WT","Mutated","Mutated","Mutated","WT"
"WES_FFPE_R9","Intron","Mutated","Mutated","Mutated","Mutated","WT","Mutated","Mutated","Mutated","Mutated","Mutated","Mutated","Mutated","Mutated","Mutated","Mutated","Mutated","Mutated","Mutated","Mutated","Mutated","Mutated","Mutated","WT"
"WES_FFPE_R9","3'Flank","Mutated","WT","WT","WT","Mutated","WT","WT","Mutated","Mutated","WT","WT","WT","Mutated","Mutated","WT","Mutated","WT","WT","Mutated","Mutated","Mutated","WT","WT"
"WES_FFPE_R9","3'UTR","WT","WT","Mutated","WT","WT","WT","WT","WT","WT","WT","WT","Mutated","WT","Mutated","WT","Mutated","WT","WT","Mutated","WT","WT","WT","WT"
"WES_FFPE_R9","Silent","WT","WT","WT","Mutated","WT","WT","WT","Mutated","WT","WT","WT","WT","WT","WT","WT","WT","WT","WT","WT","WT","WT","WT","WT"
