Tumor_Sample_Barcode	Hugo_Symbol	variantID	Variant_Classification	IMPACT	gnomAD_AF
12	RBM15	1:110340197_T/G	Missense_Mutation	MODERATE	NA
12	LRPPRC	2:43925898_T/C	Missense_Mutation	MODERATE	NA
12	METTL14	4:118705685_C/T	Silent	LOW	NA
12	METTL14	4:118705702_CAGAAGAACCTGAAATTGGCAATATAGAAAAACCTGTAGAAATTTTTCATATAATTGAGCATTTTTGTCTTGG/-	Frame_Shift_Del	HIGH	NA
12	METTL14	4:118705829_C/A	Splice_Region	LOW	NA
12	ZC3H13	13:45985747_G/A	Nonsense_Mutation	HIGH	NA
12	METTL16	17:2407220_G/A	RNA	MODIFIER	NA
13	LRPPRC	2:43899527_G/A	Silent	LOW	1.194e-05
13	YTHDC1	4:68314207_A/G	Silent	LOW	NA
15	YTHDC2	5:113535749_G/A	Silent	LOW	NA
15	IGF2BP3	7:23313549_G/A	Silent	LOW	NA
15	RBMX	X:136872263_C/T	3'Flank	MODIFIER	NA
16	YTHDF3	8:63209849_G/A	3'UTR	MODIFIER	NA
17	LRPPRC	2:43973637_C/A	Missense_Mutation	MODERATE	NA
17	YTHDC1	4:68322828_G/A	Missense_Mutation	MODERATE	1.592e-05
17	G3BP1	5:151795503_C/T	Missense_Mutation	MODERATE	4.398e-05
17	METTL3	14:21514477_T/C	5'Flank	MODIFIER	NA
20	LRPPRC	2:43899558_G/A	Missense_Mutation	MODERATE	9.551e-05
20	YTHDF3	8:63187303_G/A	Missense_Mutation	MODERATE	NA
20	FTO	16:53844170_G/A	Missense_Mutation	MODERATE	0.002375
4	YTHDC2	5:113553818_A/G	Silent	LOW	4.027e-06
4	METTL16	17:2415123_C/T	3'Flank	MODIFIER	NA
4	METTL16	17:2415145_G/T	3'Flank	MODIFIER	8.294e-06
4	YTHDF1	20:63202605_A/G	Silent	LOW	2.387e-05
8	YTHDF3	8:63187455_G/C	Missense_Mutation	MODERATE	NA
9	YTHDF2	1:28742673_G/T	Nonsense_Mutation	HIGH	NA
9	ELF3	1:202013190_C/T	Missense_Mutation	MODERATE	3.979e-06
9	LRPPRC	2:43889757_G/A	Missense_Mutation	MODERATE	NA
9	METTL14	4:118710235_G/A	Missense_Mutation	MODERATE	3.981e-06
9	YTHDC2	5:113584389_G/A	Silent	LOW	NA
9	HNRNPA2B1	7:26192526_C/T	Missense_Mutation	MODERATE	NA
9	ALKBH3	11:43882678_G/A	Missense_Mutation	MODERATE	2.796e-05
9	ZC3H13	13:46045443_C/T	Missense_Mutation	MODERATE	3.977e-06
9	METTL16	17:2420077_C/T	Missense_Mutation	MODERATE	NA
9	RBMX	X:136880723_G/A	5'UTR	MODIFIER	NA
9	FMR1	X:147930164_C/T	Silent	LOW	NA
R11	LRPPRC	2:43982405_G/A	Missense_Mutation	MODERATE	0.0001238
R11	FMR1	X:147932762_A/G	Splice_Region	LOW	NA
R11	FMR1	X:147945570_G/A	Missense_Mutation	MODERATE	5.469e-06
R18	METTL16	17:2419518_G/C	3'UTR	MODIFIER	NA
R9	LRPPRC	2:43899590_G/A	Silent	LOW	0.0001117
